ControlID,Description,Level,ENABLED,Azure,VMware,Hyper-V,Type,RegistryPath,RegistryProperty,RegistryType,NetAccountsType,CPrivilegeIdentity,CPrivilegePrivilege,AuditPolCategory,Value,Notes
1052,Status of the 'Devices: Allowed to format and eject removable media' setting (NTFS formatted devices),1,TRUE,TRUE,TRUE,TRUE,Registry,HKEY_LOCAL_MACHINE\Software\Microsoft\Windows NT\CurrentVersion\Winlogon,AllocateDASD,Dword,,,,,0,None
1071,Status of the 'Minimum Password Length' setting,1,TRUE,TRUE,TRUE,TRUE,NetAccounts,,,,MINPWLEN,,,,14,None
1072,Status of the 'Minimum Password Age' setting,1,TRUE,TRUE,TRUE,TRUE,NetAccounts,,,,MINPWAGE,,,,1,None
1134,Status of 'logon banner title' setting (Legal Notice),1,TRUE,TRUE,TRUE,TRUE,Registry,HKEY_LOCAL_MACHINE\Software\Microsoft\Windows\CurrentVersion\Policies\System,LegalNoticeCaption,String,,,,,Daisy Group Acceptable Usage Policy,None
1149,Status of the 'Microsoft network client: Digitally sign communications (always)' setting,1,TRUE,TRUE,TRUE,TRUE,Registry,HKEY_LOCAL_MACHINE\SYSTEM\CurrentControlSet\Services\LanmanWorkstation\Parameters,RequireSecuritySignature,DWord,,,,,1,None
1153,Status of the 'Network Access: Do not allow Anonymous Enumeration of SAM Accounts and Shares' setting,1,TRUE,TRUE,TRUE,TRUE,Registry,HKEY_LOCAL_MACHINE\SYSTEM\Currentcontrolset\control\lsa,RestrictAnonymous,DWord,,,,,1,None
1169,Status of the 'MSS: (AutoAdminLogon) Enable Automatic Logon (not recommended)' setting,1,TRUE,TRUE,TRUE,TRUE,Registry,HKEY_LOCAL_MACHINE\Software\Microsoft\Windows NT\CurrentVersion\Winlogon,AutoAdminLogon,DWord,,,,,0,None
1172,Status of the 'MSS: (DisableIPSourceRouting) IP source routing protection level (protects against packet spoofing)' setting,1,TRUE,TRUE,TRUE,TRUE,Registry,HKEY_LOCAL_MACHINE\System\CurrentControlSet\Services\Tcpip\Parameters,DisableIPSourceRouting,DWord,,,,,2,None
1183,Status of the 'Disable Autorun for all drives' setting for the HKLM key,1,TRUE,FALSE,TRUE,TRUE,Registry,HKEY_LOCAL_MACHINE\Software\Microsoft\Windows\CurrentVersion\Policies\Explorer,NoDriveTypeAutoRun,DWord,,,,,255,None
1189,Status of the 'Microsoft network server: Digitally sign communication (always)' setting (SMB),1,TRUE,TRUE,TRUE,TRUE,Registry,HKEY_LOCAL_MACHINE\SYSTEM\CurrentControlSet\Services\lanmanserver\parameters,RequireSecuritySignature,DWord,,,,,1,None
1190,Status of the 'Interactive Logon: Do Not Display Last User Name' setting,1,TRUE,TRUE,TRUE,TRUE,Registry,HKEY_LOCAL_MACHINE\Software\Microsoft\Windows\CurrentVersion\Policies\System,DontDisplayLastUserName,DWord,,,,,1,None
1193,Status of the 'MSS: Allow ICMP redirects to override OSPF generated routes (EnableICMPRedirect)' setting,1,TRUE,TRUE,TRUE,TRUE,Registry,HKEY_LOCAL_MACHINE\System\CurrentControlSet\Services\Tcpip\Parameters,EnableICMPRedirect,DWord,,,,,0,None
1195,Status of the 'MSS: (NoNameReleaseOnDemand) Allow the computer to ignore NetBIOS name release requests except from the 'WINS servers' setting,1,TRUE,TRUE,TRUE,TRUE,Registry,HKEY_LOCAL_MACHINE\System\CurrentControlSet\Services\Netbt\Parameters,NoNameReleaseOnDemand,DWord,,,,,1,None
1196,Status of the 'MSS: (ScreenSaverGracePeriod) The time in seconds before the screen saver grace period expires' setting,1,TRUE,TRUE,TRUE,TRUE,Registry,HKEY_LOCAL_MACHINE\SOFTWARE\Microsoft\Windows NT\CurrentVersion\Winlogon,ScreenSaverGracePeriod,String,,,,,5,None
1318,Status of the 'Enforce password history' setting ,1,TRUE,TRUE,TRUE,TRUE,NetAccounts,,,,uniquepw,,,,24,None
1377,Status of the 'Interactive Logon: Require Domain Controller authentication to unlock workstation' setting,1,TRUE,TRUE,TRUE,TRUE,Registry,HKEY_LOCAL_MACHINE\Software\Microsoft\Windows NT\CurrentVersion\Winlogon,ForceUnlockLogon,DWord,,,,,1,None
1378,Status of the 'Interactive Logon: Smart Card Removal Behavior' setting,1,TRUE,TRUE,TRUE,TRUE,Registry,HKEY_LOCAL_MACHINE\Software\Microsoft\Windows NT\CurrentVersion\Winlogon,ScRemoveOption,DWord,,,,,2,None
1381,Status of the 'Microsoft network server: Digitally Sign Communications (if Client agrees) setting,1,TRUE,TRUE,TRUE,TRUE,Registry,HKEY_LOCAL_MACHINE\System\CurrentControlSet\Services\LanmanServer\Parameters,EnableSecuritySignature,DWord,,,,,1,None
1387,Status of the 'Network Security: LAN Manager Authentication Level' setting,1,TRUE,TRUE,TRUE,TRUE,Registry,HKEY_LOCAL_MACHINE\System\CurrentControlSet\Control\Lsa,LmCompatibilityLevel,DWord,,,,,5,None
1458,Status of the 'MSS: (SafeDllSearchMode) Enable Safe DLL search mode (recommended)' setting,1,TRUE,TRUE,TRUE,TRUE,Registry,HKEY_LOCAL_MACHINE\System\CurrentControlSet\Control\Session Manager,SafeDllSearchMode,DWord,,,,,1,None
1463,Status of the 'MSS: (WarningLevel) Percentage threshold for the security event log at which the system will generate a warning' setting,1,TRUE,TRUE,TRUE,TRUE,Registry,HKEY_LOCAL_MACHINE\System\CurrentControlSet\Services\Eventlog\Security,WarningLevel,DWord,,,,,90,None
1513,Status of the 'RPC Endpoint Mapper Client Authentication' setting,1,TRUE,TRUE,TRUE,TRUE,Registry,HKEY_LOCAL_MACHINE\Software\Policies\Microsoft\Windows NT\Rpc,EnableAuthEpResolution,DWord,,,,,1,None
1524,Status of the 'Windows Firewall: Log dropped packets (Domain)' setting,1,TRUE,TRUE,TRUE,TRUE,Registry,HKEY_LOCAL_MACHINE\Software\Policies\Microsoft\WindowsFirewall\DomainProfile\Logging,LogDroppedPackets,DWord,,,,,1,None
1525,Status of the 'Windows Firewall: Log file path and name (Domain)' setting,1,TRUE,TRUE,TRUE,TRUE,Registry,HKEY_LOCAL_MACHINE\Software\Policies\Microsoft\WindowsFirewall\DomainProfile\Logging,LogFilePath,String,,,,,%SystemRoot%\System32\logfiles\firewall\domainfw.log,None
1526,Status of the 'Windows Firewall: Log File Size (Domain)' setting,1,TRUE,TRUE,TRUE,TRUE,Registry,HKEY_LOCAL_MACHINE\Software\Policies\Microsoft\WindowsFirewall\DomainProfile\Logging,LogFileSize,DWord,,,,,16384,None
1527,Status of the 'Windows Firewall: Log Successful Connections (Domain)' setting,1,TRUE,TRUE,TRUE,TRUE,Registry,HKEY_LOCAL_MACHINE\Software\Policies\Microsoft\WindowsFirewall\DomainProfile\Logging,LogSuccessfulConnections,DWord,,,,,1,None
2181,Current list of Groups and User Accounts granted the 'Access this computer from the network' right,1,TRUE,TRUE,TRUE,TRUE,CPrivilege,,,,,Everyone,SeNetworkLogonRight,,FALSE,None
2181,Current list of Groups and User Accounts granted the 'Access this computer from the network' right,1,TRUE,TRUE,TRUE,TRUE,CPrivilege,,,,,BUILTIN\Users,SeNetworkLogonRight,,FALSE,None
2181,Current list of Groups and User Accounts granted the 'Access this computer from the network' right,1,TRUE,TRUE,TRUE,TRUE,CPrivilege,,,,,BUILTIN\Backup Operators,SeNetworkLogonRight,,FALSE,None
2181,Current list of Groups and User Accounts granted the 'Access this computer from the network' right,1,TRUE,TRUE,TRUE,TRUE,CPrivilege,,,,,Authenticated Users,SeNetworkLogonRight,,TRUE,None
2186,Current list of Groups and User Accounts granted the 'Back up files and directories' right,1,TRUE,TRUE,TRUE,TRUE,CPrivilege,,,,,BUILTIN\Backup Operators,SeBackupPrivilege,,FALSE,None
2196,Current list of Groups and User Accounts granted the 'Deny Access to this computer from the network' right,1,FALSE,TRUE,TRUE,TRUE,CPrivilege,,,,,Guests,SeDenyNetworkLogonRight,,TRUE,None
2197,Current list of Groups and User Accounts granted the 'Deny logon as a batch job' right,1,TRUE,TRUE,TRUE,TRUE,CPrivilege,,,,,Guests,SeDenyBatchLogonRight,,TRUE,None
2198,Current list of Groups and User Accounts granted the 'Deny logon as a service' right,1,TRUE,TRUE,TRUE,TRUE,CPrivilege,,,,,Guests,SeDenyServiceLogonRight,,TRUE,None
2199,Current list of Groups and User Accounts granted the 'Deny log on locally' right,1,TRUE,TRUE,TRUE,TRUE,CPrivilege,,,,,Guests,SeDenyInteractiveLogonRight,,TRUE,None
2200,Current list of Groups and User Accounts granted the 'Deny logon through terminal (Remote Desktop) service' right,1,FALSE,TRUE,TRUE,TRUE,CPrivilege,,,,,Guests,SeDenyRemoteInteractiveLogonRight,,TRUE,None
2341,Status of the 'Account Lockout Duration' setting (invalid login attempts),1,TRUE,TRUE,TRUE,TRUE,NetAccounts,,,,lockoutduration,,,,15,None
2342,Status of the 'Account Lockout Threshold' setting (invalid login attempts),1,TRUE,TRUE,TRUE,TRUE,NetAccounts,,,,lockoutthreshold,,,,5,None
2343,Status of the 'Reset Account Lockout Counter After' setting,1,TRUE,TRUE,TRUE,TRUE,NetAccounts,,,,lockoutwindow,,,,15,None
2386,Current list of Groups and User Accounts granted the 'Increase Scheduling Priority' right,1,TRUE,TRUE,TRUE,TRUE,CPrivilege,,,,,Window Manager\Window Manager Group,SeIncreaseBasePriorityPrivilege,,FALSE,None
2391,Current list of Groups and User Accounts granted the 'Allow log on locally' right,1,TRUE,TRUE,TRUE,TRUE,CPrivilege,,,,,BUILTIN\Backup Operators,SeInteractiveLogonRight,,FALSE,None
2391,Current list of Groups and User Accounts granted the 'Allow log on locally' right,1,TRUE,TRUE,TRUE,TRUE,CPrivilege,,,,,BUILTIN\Users,SeInteractiveLogonRight,,FALSE,None
2399,Current list of Groups and User Accounts granted the 'Restore files and directories' right,1,TRUE,TRUE,TRUE,TRUE,CPrivilege,,,,,BUILTIN\Backup Operators,SeRestorePrivilege,,FALSE,None
2400,Current list of Groups and User Accounts granted the 'Shut down the system' right,1,TRUE,TRUE,TRUE,TRUE,CPrivilege,,,,,BUILTIN\Backup Operators,SeShutdownPrivilege,,FALSE,None
2583,Status of the 'User Account Control: Run all administrators in Admin Approval Mode' setting,1,TRUE,FALSE,TRUE,TRUE,Registry,HKEY_LOCAL_MACHINE\Software\Microsoft\Windows\CurrentVersion\Policies\System,EnableLUA,DWord,,,,,1,None
2586,Status of the 'User Account Control: Admin Approval Mode for the Built-in Administrator account' setting,1,TRUE,TRUE,TRUE,TRUE,Registry,HKEY_LOCAL_MACHINE\Software\Microsoft\Windows\CurrentVersion\Policies\System,FilterAdministratorToken,DWord,,,,,1,None
2587,Status of the 'User Account Control: Behavior of the elevation prompt for administrators in Admin Approval Mode' setting,1,TRUE,TRUE,TRUE,TRUE,Registry,HKEY_LOCAL_MACHINE\Software\Microsoft\Windows\CurrentVersion\Policies\System,ConsentPromptBehaviorAdmin,DWord,,,,,2,None
2605,Status of the 'User Account Control: Behavior of the elevation prompt for standard users' setting,1,TRUE,TRUE,TRUE,TRUE,Registry,HKEY_LOCAL_MACHINE\Software\Microsoft\Windows\CurrentVersion\Policies\System,ConsentPromptBehaviorUser,DWord,,,,,0,None
2607,Status of the 'Prohibit use of Internet Connection Sharing on your DNS domain network' setting,1,TRUE,TRUE,TRUE,TRUE,Registry,HKEY_LOCAL_MACHINE\Software\Policies\Microsoft\Windows\Network Connections,NC_ShowSharedAccessUI,DWord,,,,,0,None
2608,Status of the 'Audit: Force audit policy subcategory settings to override audit policy category settings' setting,1,TRUE,TRUE,TRUE,TRUE,Registry,HKEY_LOCAL_MACHINE\System\Currentcontrolset\Control\Lsa,SC,DWord,,,,,1,None
2612,Status of the 'Turn off downloading of enclosures' setting (Internet Explorer),1,TRUE,TRUE,TRUE,TRUE,Registry,HKEY_LOCAL_MACHINE\SOFTWARE\Policies\Microsoft\Internet Explorer\Feeds,DisableEnclosureDownload,DWord,,,,,1,None
2616,Status of the 'Prohibit installation and configuration of Network Bridge on the DNS domain network' setting,1,TRUE,TRUE,TRUE,TRUE,Registry,HKEY_LOCAL_MACHINE\SOFTWARE\Policies\Microsoft\Windows\Network Connections,NC_AllowNetBridge_NLA,DWord,,,,,0,None
2621,Status of the 'Turn off heap termination on corruption' setting,1,TRUE,TRUE,TRUE,TRUE,Registry,HKEY_LOCAL_MACHINE\SOFTWARE\Policies\Microsoft\Windows\Explorer,NoHeapTerminationOnCorruption,DWord,,,,,0,None
2635,Status of the 'Set Client Connection Encryption Level' setting (Terminal Services),1,TRUE,TRUE,TRUE,TRUE,Registry,HKEY_LOCAL_MACHINE\SOFTWARE\Policies\Microsoft\Windows NT\Terminal Services,MinEncryptionLevel,DWord,,,,,3,None
3778,Status of the contents of the 'login banner' (Windows/Unix/Linux),1,TRUE,TRUE,TRUE,TRUE,Registry,HKEY_LOCAL_MACHINE\Software\Microsoft\Windows\CurrentVersion\Policies\System,LegalNoticeText,String,,,,,This system is provided for business use only.  Use of this system must be consistent at all times with the Daisy Group Acceptable Usage Policy,None
3875,Status of the 'Do not allow drive redirection' setting (Terminal Services),1,TRUE,TRUE,TRUE,TRUE,Registry,HKEY_LOCAL_MACHINE\SOFTWARE\Policies\Microsoft\Windows NT\Terminal Services,fDisableCdm,DWord,,,,,1,None
3876,Status of the 'Do not allow passwords to be saved' setting (Terminal Services),1,TRUE,TRUE,TRUE,TRUE,Registry,HKEY_LOCAL_MACHINE\SOFTWARE\Policies\Microsoft\Windows NT\Terminal Services,DisablePasswordSaving,DWord,,,,,1,None
3891,Status of the 'Always prompt for password upon connection' setting (Terminal Services),1,TRUE,TRUE,TRUE,TRUE,Registry,HKEY_LOCAL_MACHINE\SOFTWARE\Policies\Microsoft\Windows NT\Terminal Services,fPromptForPassword,DWord,,,,,1,None
3899,Status of the 'Solicited Remote Assistance' policy setting (Terminal Services),1,TRUE,TRUE,TRUE,TRUE,Registry,HKEY_LOCAL_MACHINE\SOFTWARE\Policies\Microsoft\Windows NT\Terminal Services,fAllowToGetHelp,DWord,,,,,0,None
3920,Status of the 'Turn off Internet download for Web publishing and online ordering wizards' setting,1,TRUE,TRUE,TRUE,TRUE,Registry,HKEY_LOCAL_MACHINE\Software\Microsoft\Windows\CurrentVersion\Policies\Explorer,NoWebServices,DWord,,,,,1,None
3922,Status of the 'Turn off downloading of print drivers over HTTP' setting,1,TRUE,TRUE,TRUE,TRUE,Registry,HKEY_LOCAL_MACHINE\Software\Policies\Microsoft\Windows NT\Printers,DisableWebPnPDownload,DWord,,,,,1,None
3923,Status of the 'Registry policy processing (Option: Do not apply during periodic background processing)' setting,1,TRUE,TRUE,TRUE,TRUE,Registry,HKEY_LOCAL_MACHINE\Software\Policies\Microsoft\Windows\Group Policy\{35378EAC-683F-11D2-A89A-00C04FBBCFA2},NoBackgroundPolicy,DWord,,,,,0,None
3932,Status of the 'Windows Firewall: Inbound connections (Public)' setting,1,TRUE,TRUE,TRUE,TRUE,Registry,HKEY_LOCAL_MACHINE\Software\Policies\Microsoft\WindowsFirewall\PublicProfile,DefaultInboundAction,DWord,,,,,1,None
3948,Status of the 'Windows Firewall: Inbound connections (Private)' setting,1,TRUE,TRUE,TRUE,TRUE,Registry,HKEY_LOCAL_MACHINE\Software\Policies\Microsoft\WindowsFirewall\PrivateProfile,DefaultInboundAction,DWord,,,,,1,None
3949,Status of the 'Windows Firewall: Inbound connections (Domain)' setting,1,TRUE,TRUE,TRUE,TRUE,Registry,HKEY_LOCAL_MACHINE\Software\Policies\Microsoft\WindowsFirewall\DomainProfile,DefaultInboundAction,DWord,,,,,1,None
3950,Status of the 'Windows Firewall: Firewall state (Public)' setting,1,TRUE,TRUE,TRUE,TRUE,Registry,HKEY_LOCAL_MACHINE\Software\Policies\Microsoft\WindowsFirewall\PublicProfile,EnableFirewall,DWord,,,,,1,None
3951,Status of the 'Windows Firewall: Firewall state (Private)' setting,1,TRUE,TRUE,TRUE,TRUE,Registry,HKEY_LOCAL_MACHINE\Software\Policies\Microsoft\WindowsFirewall\PrivateProfile,EnableFirewall,DWord,,,,,1,None
3952,Status of the 'Windows Firewall: Firewall state (Domain)' setting,1,TRUE,TRUE,TRUE,TRUE,Registry,HKEY_LOCAL_MACHINE\Software\Policies\Microsoft\WindowsFirewall\DomainProfile,EnableFirewall,DWord,,,,,1,None
3960,Status of the 'Windows Firewall: Apply local firewall rules (Public)' setting,1,FALSE,FALSE,FALSE,FALSE,Registry,HKEY_LOCAL_MACHINE\Software\Policies\Microsoft\WindowsFirewall\PublicProfile,AllowLocalPolicyMerge,DWord,,,,,0,None
3962,Status of the 'Windows Firewall: Display a notification (Domain)' setting,1,TRUE,TRUE,TRUE,TRUE,Registry,HKEY_LOCAL_MACHINE\Software\Policies\Microsoft\WindowsFirewall\DomainProfile,DisableNotifications,DWord,,,,,1,None
3964,Status of the 'Windows Firewall: Display a notification (Private)' setting,1,TRUE,TRUE,TRUE,TRUE,Registry,HKEY_LOCAL_MACHINE\Software\Policies\Microsoft\WindowsFirewall\PrivateProfile,DisableNotifications,DWord,,,,,1,None
3965,Status of the 'Windows Firewall: Display a notification (Public)' setting,1,TRUE,TRUE,TRUE,TRUE,Registry,HKEY_LOCAL_MACHINE\Software\Policies\Microsoft\WindowsFirewall\PublicProfile,DisableNotifications,DWord,,,,,1,None
3966,Status of the 'Windows Firewall: Apply local connection security rules (Public)' setting,1,FALSE,FALSE,FALSE,FALSE,Registry,HKEY_LOCAL_MACHINE\Software\Policies\Microsoft\WindowsFirewall\PublicProfile,AllowLocalIPsecPolicyMerge,DWord,,,,,0,None
4119,Status of the 'Allow indexing of encrypted files' setting,1,TRUE,TRUE,TRUE,TRUE,Registry,HKEY_LOCAL_MACHINE\SOFTWARE\Policies\Microsoft\Windows\Windows Search,AllowIndexingEncryptedStoresOrItems,DWord,,,,,0,None
4133,Status of the 'Require secure RPC communication' setting,1,TRUE,TRUE,TRUE,TRUE,Registry,HKEY_LOCAL_MACHINE\SOFTWARE\Policies\Microsoft\Windows NT\Terminal Services,fEncryptRPCTraffic,DWord,,,,,1,None
4139,Status of the 'Do not use temporary folders per session' Group Policy setting,1,TRUE,TRUE,TRUE,TRUE,Registry,HKEY_LOCAL_MACHINE\SOFTWARE\Policies\Microsoft\Windows NT\Terminal Services,PerSessionTempDir,DWord,,,,,1,None
4140,Status of the 'Do not delete temp folder upon exit' setting,1,TRUE,TRUE,TRUE,TRUE,Registry,HKEY_LOCAL_MACHINE\SOFTWARE\Policies\Microsoft\Windows NT\Terminal Services,DeleteTempDirsOnExit,DWord,,,,,1,None
4471,Status of the audit setting 'Security System Extension' (advanced audit setting),1,TRUE,TRUE,TRUE,TRUE,AuditPol,,,,,,,Security System Extension,SuccessAndFailure,None
4477,Status of the audit setting 'Account Lockout' (advanced audit setting),1,TRUE,TRUE,TRUE,TRUE,AuditPol,,,,,,,Account Lockout,SuccessAndFailure,None
4482,Status of the audit setting 'Other Logon/Logoff Events' (advanced audit setting),1,TRUE,TRUE,TRUE,TRUE,AuditPol,,,,,,,Other Logon/Logoff Events,SuccessAndFailure,None
4492,Status of the audit setting 'Sensitive Privilege Use' (advanced audit setting),1,TRUE,TRUE,TRUE,TRUE,AuditPol,,,,,,,Sensitive Privilege Use,SuccessAndFailure,None
4493,Status of the audit setting 'Other Object Access Events' (advanced audit setting),1,TRUE,TRUE,TRUE,TRUE,AuditPol,,,,,,,Other Object Access Events,SuccessAndFailure,None
4494,Status of the audit setting 'Sensitive Privilege Use' (advanced audit setting),1,TRUE,TRUE,TRUE,TRUE,AuditPol,,,,,,,Sensitive Privilege Use,SuccessAndFailure,None
4497,Status of the audit setting 'Process Creation' (advanced audit setting),1,TRUE,TRUE,TRUE,TRUE,AuditPol,,,,,,,Process Creation,SuccessAndFailure,None
4503,Status of the audit setting 'Authorization Policy Change' (advanced audit setting),1,TRUE,TRUE,TRUE,TRUE,AuditPol,,,,,,,Authorization Policy Change,SuccessAndFailure,None
4504,Status of the audit setting 'MPSSVC Rule-Level Policy Change' (advanced audit setting),1,TRUE,TRUE,TRUE,TRUE,AuditPol,,,,,,,MPSSVC Rule-Level Policy Change,SuccessAndFailure,None
4506,Status of the audit setting 'Other Policy Change Events' (advanced audit setting),1,TRUE,TRUE,TRUE,TRUE,AuditPol,,,,,,,Other Policy Change Events,Failure,None
4507,Status of the audit setting 'Account Management: User Account Management' (advanced audit setting),1,TRUE,TRUE,TRUE,TRUE,AuditPol,,,,,,,User Account Management,SuccessAndFailure,None
4517,Status of the audit setting 'Credential Validation' (advanced audit setting),1,TRUE,TRUE,TRUE,TRUE,AuditPol,,,,,,,Credential Validation,SuccessAndFailure,None
5263,Status of the 'No auto-restart with logged on users for scheduled automatic updates' setting,1,TRUE,FALSE,TRUE,TRUE,Registry,HKEY_LOCAL_MACHINE\Software\Policies\Microsoft\Windows\WindowsUpdate\AU,NoAutoRebootWithLoggedOnUsers,DWord,,,,,0,None
5264,Status of the 'Microsoft network server: Server SPN target name validation level' setting,1,TRUE,TRUE,TRUE,TRUE,Registry,HKEY_LOCAL_MACHINE\SYSTEM\CurrentControlSet\Services\LanManServer\Parameters,SMBServerNameHardeningLevel,DWord,,,,,2,None
5265,Status of the 'Network security: Allow LocalSystem NULL session fallback' setting,1,TRUE,TRUE,TRUE,TRUE,Registry,HKEY_LOCAL_MACHINE\System\CurrentControlSet\Control\Lsa\MSV1_0,allownullsessionfallback,DWord,,,,,0,None
5266,Status of the 'Network security: Allow Local System to use computer identity for NTLM' setting,1,TRUE,TRUE,TRUE,TRUE,Registry,HKEY_LOCAL_MACHINE\System\CurrentControlSet\Control\Lsa,UseMachineID,DWord,,,,,1,None
5267,Status of the 'Network security: Allow PKU2U authentication requests to this computer to use online identities' setting,1,TRUE,TRUE,TRUE,TRUE,Registry,HKEY_LOCAL_MACHINE\System\CurrentControlSet\Control\Lsa\pku2u,AllowOnlineID,DWord,,,,,0,None
7501,Status of the 'Registry policy processing option: Process even if the Group Policy objects have not changed' setting,1,TRUE,TRUE,TRUE,TRUE,Registry,HKEY_LOCAL_MACHINE\Software\Policies\Microsoft\Windows\Group Policy\{35378EAC-683F-11D2-A89A-00C04FBBCFA2},NoGPOListChanges,DWord,,,,,0,None
7502,Status of the 'Application: Maximum log size' setting,1,TRUE,TRUE,TRUE,TRUE,Registry,HKEY_LOCAL_MACHINE\Software\Policies\Microsoft\Windows\EventLog\Application,MaxSize,DWord,,,,,32768,None
7503,Status of the 'Security: Maximum log size' setting,1,TRUE,TRUE,TRUE,TRUE,Registry,HKEY_LOCAL_MACHINE\Software\Policies\Microsoft\Windows\EventLog\Security,MaxSize,DWord,,,,,196608,None
7504,Status of the 'System: Maximum log size' setting,1,TRUE,TRUE,TRUE,TRUE,Registry,HKEY_LOCAL_MACHINE\Software\Policies\Microsoft\Windows\EventLog\System,MaxSize,DWord,,,,,32768,None
7805,Status of Windows 'Automatic Updates' (WSUS) setting,1,TRUE,FALSE,TRUE,TRUE,Registry,HKEY_LOCAL_MACHINE\Software\Policies\Microsoft\Windows\WindowsUpdate\AU,NoAutoUpdate,DWord,,,,,0,None
8141,Status of the Security Options 'Accounts: Block Microsoft accounts' setting,1,TRUE,TRUE,TRUE,TRUE,Registry,HKEY_LOCAL_MACHINE\Software\Microsoft\Windows\CurrentVersion\Policies\System,NoConnectedUser,DWord,,,,,3,None
8145,Status of the Security Options 'Interactive logon: Machine inactivity limit' setting,1,TRUE,TRUE,TRUE,TRUE,Registry,HKEY_LOCAL_MACHINE\Software\Microsoft\Windows\CurrentVersion\Policies\System,InactivityTimeoutSecs,DWord,,,,,900,None
8158,Status of the 'Windows Firewall: Outbound connections (Domain)' setting,1,TRUE,TRUE,TRUE,TRUE,Registry,HKEY_LOCAL_MACHINE\Software\Policies\Microsoft\WindowsFirewall\DomainProfile,DefaultOutboundAction,DWord,,,,,0,None
8159,Status of the 'Windows Firewall: Outbound connections (Private)' setting,1,TRUE,TRUE,TRUE,TRUE,Registry,HKEY_LOCAL_MACHINE\Software\Policies\Microsoft\WindowsFirewall\PrivateProfile,DefaultOutboundAction,DWord,,,,,0,None
8160,Status of the 'Windows Firewall: Log File Size (Private)' setting,1,TRUE,TRUE,TRUE,TRUE,Registry,HKEY_LOCAL_MACHINE\Software\Policies\Microsoft\WindowsFirewall\PrivateProfile\Logging,LogFileSize,DWord,,,,,16384,None
8161,Status of the 'Windows Firewall: Log file path and name (Private)' setting,1,TRUE,TRUE,TRUE,TRUE,Registry,HKEY_LOCAL_MACHINE\Software\Policies\Microsoft\WindowsFirewall\PrivateProfile\Logging,LogFilePath,String,,,,,%SystemRoot%\System32\logfiles\firewall\privatefw.log,None
8162,Status of the 'Windows Firewall: Log Successful Connections (Private)' setting,1,TRUE,TRUE,TRUE,TRUE,Registry,HKEY_LOCAL_MACHINE\Software\Policies\Microsoft\WindowsFirewall\PrivateProfile\Logging,LogSuccessfulConnections,DWord,,,,,1,None
8163,Status of the 'Windows Firewall: Log dropped packets (Private)' setting,1,TRUE,TRUE,TRUE,TRUE,Registry,HKEY_LOCAL_MACHINE\Software\Policies\Microsoft\WindowsFirewall\PrivateProfile\Logging,LogDroppedPackets,DWord,,,,,1,None
8164,Status of the 'Windows Firewall: Outbound connections (Public)' setting,1,TRUE,TRUE,TRUE,TRUE,Registry,HKEY_LOCAL_MACHINE\Software\Policies\Microsoft\WindowsFirewall\PublicProfile,DefaultOutboundAction,DWord,,,,,0,None
8165,Status of the 'Windows Firewall: Log dropped packets (Public)' setting,1,TRUE,TRUE,TRUE,TRUE,Registry,HKEY_LOCAL_MACHINE\Software\Policies\Microsoft\WindowsFirewall\PublicProfile\Logging,LogDroppedPackets,DWord,,,,,1,None
8166,Status of the 'Windows Firewall: Log file path and name (Public)' setting,1,TRUE,TRUE,TRUE,TRUE,Registry,HKEY_LOCAL_MACHINE\Software\Policies\Microsoft\WindowsFirewall\PublicProfile\Logging,LogFilePath,String,,,,,%SystemRoot%\System32\logfiles\firewall\publicfw.log,None
8167,Status of the 'Windows Firewall: Log Successful Connections (Public)' setting,1,TRUE,TRUE,TRUE,TRUE,Registry,HKEY_LOCAL_MACHINE\Software\Policies\Microsoft\WindowsFirewall\PublicProfile\Logging,LogSuccessfulConnections,DWord,,,,,1,None
8168,Status of the 'Windows Firewall: Log File Size (Public)' setting,1,TRUE,TRUE,TRUE,TRUE,Registry,HKEY_LOCAL_MACHINE\Software\Policies\Microsoft\WindowsFirewall\PublicProfile\Logging,LogFileSize,DWord,,,,,16384,None
8176,Status of the 'Do not enumerate connected users on domain-joined computers' setting,1,TRUE,TRUE,TRUE,TRUE,Registry,HKEY_LOCAL_MACHINE\Software\Policies\Microsoft\Windows\System,DontEnumerateConnectedUsers,DWord,,,,,1,None
8188,Status of the 'Boot-Start Driver Initialization Policy' setting,1,TRUE,TRUE,TRUE,TRUE,Registry,HKEY_LOCAL_MACHINE\System\CurrentControlSet\Policies\EarlyLaunch,DriverLoadPolicy,DWord,,,,,3,None
8231,Configure 'Network Security: Configure encryption types allowed for Kerberos',1,TRUE,TRUE,TRUE,TRUE,Registry,HKEY_LOCAL_MACHINE\Software\Microsoft\Windows\CurrentVersion\Policies\System\Kerberos\Parameters,SupportedEncryptionTypes,DWord,,,,,2147483640,None
8248,Status of the 'Disallow Digest authentication' setting (WinRM client),1,TRUE,TRUE,TRUE,TRUE,Registry,HKEY_LOCAL_MACHINE\Software\Policies\Microsoft\Windows\WinRM\Client,AllowDigest,DWord,,,,,0,None
8251,Status of the 'Disallow WinRM from storing RunAs credentials' setting (WinRM service),1,TRUE,TRUE,TRUE,TRUE,Registry,HKEY_LOCAL_MACHINE\Software\Policies\Microsoft\Windows\WinRM\Service,DisableRunAs,DWord,,,,,1,None
8255,Status of the audit setting 'Object Access: Removable Storage' (advanced audit setting),1,TRUE,TRUE,TRUE,TRUE,AuditPol,,,,,,,Removable Storage,SuccessAndFailure,None
8272,Status of the 'Configure Automatic Updates Option: Scheduled install day' policy setting,1,TRUE,TRUE,TRUE,TRUE,Registry,HKEY_LOCAL_MACHINE\Software\Policies\Microsoft\Windows\WindowsUpdate\AU,ScheduledInstallDay,DWord,,,,,0,None
8273,Status of the 'Turn off Data Execution Prevention for Explorer' setting,1,TRUE,TRUE,TRUE,TRUE,Registry,HKEY_LOCAL_MACHINE\Software\Policies\Microsoft\Windows\Explorer,NoDataExecutionPrevention,DWord,,,,,0,None
8274,Status of the 'Configure Windows Defender SmartScreen' setting,1,TRUE,TRUE,TRUE,TRUE,Registry,HKEY_LOCAL_MACHINE\Software\Policies\Microsoft\Windows\System,EnableSmartScreen,DWord,,,,,1,None
8366,Status of the name of the 'Built-in Guest' account,1,TRUE,TRUE,TRUE,TRUE,Account,,,,,,,,_Guest,None
8367,Status of the name of the 'Built-in Administrator' account,1,TRUE,FALSE,TRUE,TRUE,Account,,,,,,,,BuiltinAdministrator,None
8399,Status of the Configure 'Turn off app notifications on the lock screen',1,TRUE,TRUE,TRUE,TRUE,Registry,HKEY_LOCAL_MACHINE\Software\Policies\Microsoft\Windows\System,DisableLockScreenAppNotifications,DWord,,,,,1,None
8425,Status of 'Do not display the password reveal button',1,TRUE,TRUE,TRUE,TRUE,Registry,HKEY_LOCAL_MACHINE\Software\Policies\Microsoft\Windows\CredUI,DisablePasswordReveal,DWord,,,,,1,None
9003,Status of the 'Lock screen camera' setting,1,TRUE,TRUE,TRUE,TRUE,Registry,HKEY_LOCAL_MACHINE\Software\Policies\Microsoft\Windows\Personalization,NoLockScreenCamera,DWord,,,,,1,None
9004,Status of the 'Lock screen slide show' setting,1,TRUE,TRUE,TRUE,TRUE,Registry,HKEY_LOCAL_MACHINE\Software\Policies\Microsoft\Windows\Personalization,NoLockScreenSlideshow,DWord,,,,,1,None
9008,Status of the 'Do not display network selection UI' setting,1,TRUE,TRUE,TRUE,TRUE,Registry,HKEY_LOCAL_MACHINE\Software\Policies\Microsoft\Windows\System,DontDisplayNetworkSelectionUI,DWord,,,,,1,None
9009,Status of the 'Allow Microsoft accounts to be optional' setting,1,TRUE,TRUE,TRUE,TRUE,Registry,HKEY_LOCAL_MACHINE\Software\Microsoft\Windows\CurrentVersion\Policies\System,MSAOptional,DWord,,,,,1,None
9014,Status of the 'Setup: Maximum Log Size (KB)' setting,1,TRUE,TRUE,TRUE,TRUE,Registry,HKEY_LOCAL_MACHINE\Software\Policies\Microsoft\Windows\EventLog\Setup,MaxSize,DWord,,,,,32768,None
9024,Status of the 'Apply UAC restrictions to local accounts on network logons' settings,1,TRUE,TRUE,FALSE,TRUE,Registry,HKEY_LOCAL_MACHINE\Software\Microsoft\Windows\CurrentVersion\Policies\System,LocalAccountTokenFilterPolicy,DWord,,,,,0,None
9025,Status of the 'WDigest Authentication' setting,1,TRUE,TRUE,TRUE,TRUE,Registry,HKEY_LOCAL_MACHINE\SYSTEM\CurrentControlSet\Control\SecurityProviders\WDigest,UseLogonCredential,DWord,,,,,0,None
9297,Status of the 'Screen saver timeout' setting,1,TRUE,TRUE,TRUE,TRUE,Registry,HKEY_USERS\.DEFAULT\Software\Policies\Microsoft\Windows\Control Panel\Desktop,ScreenSaveTimeOut,String,,,,,900,None
9302,Status of 'Enable screen saver' configuration for Windows users,1,TRUE,TRUE,TRUE,TRUE,Registry,HKEY_USERS\.DEFAULT\Software\Policies\Microsoft\Windows\Control Panel\Desktop,ScreenSaveActive,DWord,,,,,1,None
9303,Status of 'Password protect the screen saver' setting for Windows users,1,TRUE,TRUE,TRUE,TRUE,Registry,HKEY_USERS\.DEFAULT\Software\Policies\Microsoft\Windows\Control Panel\Desktop,ScreenSaverIsSecure,DWord,,,,,1,None
9304,Status of the 'Do not preserve zone information in file attachments' setting for Windows users,1,TRUE,TRUE,TRUE,TRUE,Registry,HKEY_USERS\.DEFAULT\Software\Microsoft\Windows\CurrentVersion\Policies\Attachments,SaveZoneInformation,DWord,,,,,2,None
9305,Status of the 'Notify antivirus programs when opening attachments' configuration,1,TRUE,TRUE,TRUE,TRUE,Registry,HKEY_USERS\.DEFAULT\Software\Microsoft\Windows\CurrentVersion\Policies\Attachments,ScanWithAntiVirus,DWord,,,,,3,None
9388,Status of the 'Turn off picture password sign-in' setting,1,TRUE,TRUE,TRUE,TRUE,Registry,HKEY_LOCAL_MACHINE\Software\Policies\Microsoft\Windows\System,BlockDomainPicturePassword,DWord,,,,,1,None
9404,Status of the 'Prevent the usage of OneDrive for file storage' setting,1,TRUE,TRUE,TRUE,TRUE,Registry,HKEY_LOCAL_MACHINE\Software\Policies\Microsoft\Windows\Onedrive,DisableFileSyncNGSC,DWord,,,,,1,None
9440,Status of the 'Include command line in process creation events' setting,1,TRUE,TRUE,TRUE,TRUE,Registry,HKEY_LOCAL_MACHINE\Software\Microsoft\Windows\CurrentVersion\Policies\System\Audit,ProcessCreationIncludeCmdLine_Enabled,DWord,,,,,1,None
9453,Status of 'Scan removable drives (Windows Defender)' setting,1,TRUE,TRUE,TRUE,TRUE,Registry,HKEY_LOCAL_MACHINE\Software\Policies\Microsoft\Windows Defender\Scan,DisableRemovableDriveScanning,DWord,,,,,0,None
9537,Status of 'Windows Defender - Turn on e-mail scanning' setting,1,TRUE,TRUE,TRUE,TRUE,Registry,HKEY_LOCAL_MACHINE\Software\Policies\Microsoft\Windows Defender\Scan,DisableEmailScanning,DWord,,,,,0,None
9830,Status of the 'Prevent users from sharing files within their profile' setting,1,TRUE,TRUE,TRUE,TRUE,Registry,HKEY_USERS\.DEFAULT\Software\Microsoft\Windows\CurrentVersion\Policies\Explorer,NoInplaceSharing,DWord,,,,,1,None
9842,Status of the 'Turn off toast notifications on the lock screen' setting,1,TRUE,TRUE,TRUE,TRUE,Registry,HKEY_USERS\.DEFAULT\SOFTWARE\Policies\Microsoft\Windows\CurrentVersion\PushNotifications,NoToastApplicationNotificationOnLockScreen,DWord,,,,,1,None
10006,Status of the 'Disallow Autoplay for non-volume devices' setting,1,TRUE,TRUE,TRUE,TRUE,Registry,HKEY_LOCAL_MACHINE\Software\Policies\Microsoft\Windows\Explorer,NoAutoplayfornonVolume,DWord,,,,,1,None
10007,Status of the 'default behavior for AutoRun',1,TRUE,TRUE,TRUE,TRUE,Registry,HKEY_LOCAL_MACHINE\Software\Microsoft\Windows\CurrentVersion\Policies\Explorer,NoAutorun,DWord,,,,,1,None
10008,Status of the 'Local Admin Password Management' setting,1,TRUE,TRUE,TRUE,TRUE,Registry,HKEY_LOCAL_MACHINE\Software\Policies\Microsoft Services\AdmPwd,AdmPwdEnabled,DWord,,,,,1,None
10009,Status of the 'Password Complexity' Local Administrator Password Solution (LAPS),1,TRUE,TRUE,TRUE,TRUE,Registry,HKEY_LOCAL_MACHINE\Software\Policies\Microsoft Services\AdmPwd,PasswordComplexity,DWord,,,,,4,None
10010,Status of the 'Password Length' Local Administrator Password Solution (LAPS),1,TRUE,TRUE,TRUE,TRUE,Registry,HKEY_LOCAL_MACHINE\Software\Policies\Microsoft Services\AdmPwd,PasswordLength,DWord,,,,,15,None
10011,Status of the 'Password Age' Local Administrator Password Solution (LAPS),1,TRUE,TRUE,TRUE,TRUE,Registry,HKEY_LOCAL_MACHINE\Software\Policies\Microsoft Services\AdmPwd,PasswordAgeDays,DWord,,,,,30,None
10015,Status of the 'Do not allow password expiration time longer than required by policy' setting,1,TRUE,TRUE,TRUE,TRUE,Registry,HKEY_LOCAL_MACHINE\Software\Policies\Microsoft Services\AdmPwd,PwdExpirationProtectionEnabled,DWord,,,,,1,None
10027,Status of the 'Turn on PowerShell Script Block Logging' setting,1,TRUE,TRUE,TRUE,TRUE,Registry,HKEY_LOCAL_MACHINE\Software\Policies\Microsoft\Windows\PowerShell\ScriptBlockLogging,EnableScriptBlockLogging,DWord,,,,,1,None
10028,Status of the 'Turn on PowerShell Transcription' setting,1,TRUE,TRUE,TRUE,TRUE,Registry,HKEY_LOCAL_MACHINE\Software\Policies\Microsoft\Windows\PowerShell\Transcription,EnableTranscripting,DWord,,,,,1,None
10081,Status of the 'Require domain users to elevate when setting a network's location' setting,1,TRUE,TRUE,TRUE,TRUE,Registry,HKEY_LOCAL_MACHINE\Software\Policies\Microsoft\Windows\Network Connections,NC_StdDomainUserSetLocation,DWord,,,,,1,None
10089,Status of the 'Always install with elevated privileges' setting for Windows User,1,TRUE,TRUE,TRUE,TRUE,Registry,HKEY_USERS\.DEFAULT\Software\Policies\Microsoft\Windows\Installer,AlwaysInstallElevated,DWord,,,,,0,None
10098,Status of the 'Allow Input Personalization' setting,1,TRUE,TRUE,TRUE,TRUE,Registry,HKEY_LOCAL_MACHINE\Software\Policies\Microsoft\InputPersonalization,AllowInputPersonalization,DWord,,,,,0,None
10106,Status of 'Toggle user control over Insider builds',1,TRUE,TRUE,TRUE,TRUE,Registry,HKEY_LOCAL_MACHINE\Software\Policies\Microsoft\Windows\PreviewBuilds,AllowBuildPreview,DWord,,,,,0,None
10151,Status of the audit setting 'Audit PNP Activity' (advanced audit setting),1,TRUE,TRUE,TRUE,TRUE,AuditPol,,,,,,,Plug and Play Events,SuccessAndFailure,None
10152,Status of the audit setting 'Audit Group Membership' (advanced audit setting),1,TRUE,TRUE,TRUE,TRUE,AuditPol,,,,,,,Group Membership,SuccessAndFailure,None
10348,Status of the 'Do not show feedback notifications' setting,1,TRUE,TRUE,TRUE,TRUE,Registry,HKEY_LOCAL_MACHINE\Software\Policies\Microsoft\Windows\DataCollection,DoNotShowFeedbackNotifications,DWord,,,,,1,None
10353,Status of the 'Turn off Microsoft consumer experiences' setting,1,TRUE,TRUE,TRUE,TRUE,Registry,HKEY_LOCAL_MACHINE\Software\Policies\Microsoft\Windows\CloudContent,DisableWindowsConsumerFeatures,DWord,,,,,1,None
10370,Status of the 'Enable insecure guest logons' setting,1,TRUE,TRUE,TRUE,TRUE,Registry,HKEY_LOCAL_MACHINE\Software\Policies\Microsoft\Windows\LanmanWorkstation,AllowInsecureGuestAuth,DWord,,,,,0,None
10377,Status of the 'Use enhanced anti-spoofing when available' setting,1,TRUE,TRUE,TRUE,TRUE,Registry,HKEY_LOCAL_MACHINE\SOFTWARE\Policies\Microsoft\Biometrics\FacialFeatures,EnhancedAntiSpoofing,DWord,,,,,1,None
10404,Status of the 'Require user authentication for remote connections by using Network Level Authentication' setting,1,TRUE,TRUE,TRUE,TRUE,Registry,HKEY_LOCAL_MACHINE\SOFTWARE\Policies\Microsoft\Windows NT\Terminal Services,UserAuthentication,DWord,,,,,1,None
10431,Status of the 'Require use of specific security layer for remote (RDP) connections' setting,1,TRUE,TRUE,TRUE,TRUE,Registry,HKEY_LOCAL_MACHINE\SOFTWARE\Policies\Microsoft\Windows NT\Terminal Services,SecurityLayer,DWord,,,,,2,None
10592,Status of the 'Hardened UNC Paths' setting for Netlogon,1,TRUE,TRUE,TRUE,TRUE,Registry,HKEY_LOCAL_MACHINE\SOFTWARE\Policies\Microsoft\Windows\NetworkProvider\HardenedPaths,\\*\NETLOGON,String,,,,,"RequireMutualAuthentication=1, RequireIntegrity=1",None
10593,Status of the 'Hardened UNC Paths' setting for Sysvol,1,TRUE,TRUE,TRUE,TRUE,Registry,HKEY_LOCAL_MACHINE\SOFTWARE\Policies\Microsoft\Windows\NetworkProvider\HardenedPaths,\\*\SYSVOL,String,,,,,"RequireMutualAuthentication=1, RequireIntegrity=1",None
10968,Network access: Restrict clients allowed to make remote calls to SAM,1,TRUE,TRUE,TRUE,TRUE,Registry,HKEY_LOCAL_MACHINE\System\CurrentControlSet\Control\Lsa,RestrictRemoteSAM,String,,,,,O:BAG:BAD:(A;;RC;;;BA),None
11034,Configure 'Prevent Device Metadata Retrieval from Internet' Windows Group Policy,1,TRUE,TRUE,TRUE,TRUE,Registry,HKEY_LOCAL_MACHINE\Software\Policies\Microsoft\Windows\Device Metadata,PreventDeviceMetadataFromNetwork,DWord,,,,,1,None
11192,Status of the 'Turn off multicast name resolution' setting,1,TRUE,TRUE,TRUE,TRUE,Registry,HKEY_LOCAL_MACHINE\SOFTWARE\Policies\Microsoft\Windows NT\DNSClient,EnableMulticast,DWord,,,,,0,None
11193,Status of the 'Continue experiences on this device' setting,1,TRUE,TRUE,TRUE,TRUE,Registry,HKEY_LOCAL_MACHINE\SOFTWARE\Policies\Microsoft\Windows\System,EnableCdp,DWord,,,,,0,None
11194,Status of the 'Block user from showing account details on sign-in' setting,1,TRUE,TRUE,TRUE,TRUE,Registry,HKEY_LOCAL_MACHINE\SOFTWARE\Policies\Microsoft\Windows\System,BlockUserFromShowingAccountDetailsOnSignin,DWord,,,,,1,None
11195,Status of the 'NetBIOS node type' setting,1,TRUE,TRUE,TRUE,TRUE,Registry,HKEY_LOCAL_MACHINE\System\CurrentControlSet\Services\NetBT\Parameters,NodeType,DWord,,,,,2,None
11198,Status of the 'Allow Windows Ink Workspace' setting,1,TRUE,TRUE,TRUE,TRUE,Registry,HKEY_LOCAL_MACHINE\SOFTWARE\Policies\Microsoft\WindowsInkWorkspace,AllowWindowsInkWorkspace,DWord,,,,,0,None
11199,Status of the 'Select when Quality Updates are received' 'DeferQualityUpdates' setting,1,TRUE,TRUE,TRUE,TRUE,Registry,HKEY_LOCAL_MACHINE\SOFTWARE\Policies\Microsoft\Windows\WindowsUpdate,DeferQualityUpdates,DWord,,,,,1,None
11202,Status of the 'Select when Feature Updates are received - DeferFeatureUpdates' setting,1,TRUE,TRUE,TRUE,TRUE,Registry,HKEY_LOCAL_MACHINE\SOFTWARE\Policies\Microsoft\Windows\WindowsUpdate,DeferFeatureUpdates,DWord,,,,,1,None
11203,Status of the 'Do not suggest third-party content in Windows spotlight' setting,1,TRUE,TRUE,TRUE,TRUE,Registry,HKEY_USERS\.DEFAULT\Software\Policies\Microsoft\Windows\CloudContent,DisableThirdPartySuggestions,DWord,,,,,1,None
11211,Status of the 'Configure Windows spotlight on Lock Screen' setting,1,TRUE,TRUE,TRUE,TRUE,Registry,HKEY_USERS\.DEFAULT\Software\Policies\Microsoft\Windows\CloudContent,ConfigureWindowsSpotlight,DWord,,,,,2,None
11235,Status of the 'Select when Quality Updates are received' 'DeferQualityUpdatesPeriodInDays' Setting,1,TRUE,TRUE,TRUE,TRUE,Registry,HKEY_LOCAL_MACHINE\SOFTWARE\Policies\Microsoft\Windows\WindowsUpdate,DeferQualityUpdatesPeriodInDays,DWord,,,,,0,None
11281,Status of the 'SMB v1' protocol for LanManServer services on Windows,1,TRUE,TRUE,TRUE,TRUE,Registry,HKEY_LOCAL_MACHINE\SYSTEM\CurrentControlSet\Services\LanManServer\Parameters,SMB1,DWord,,,,,0,None
12013,Status of the 'Remote host allows delegation of non-exportable credentials' (AllowProtectedCreds) setting,1,TRUE,TRUE,TRUE,TRUE,Registry,HKEY_LOCAL_MACHINE\SOFTWARE\Policies\Microsoft\Windows\CredentialsDelegation,AllowProtectedCreds,DWord,,,,,1,None
12015,Status of the 'Block all consumer Microsoft account user authentication' (DisableUserAuth) Group Policy setting,1,TRUE,TRUE,TRUE,TRUE,Registry,HKEY_LOCAL_MACHINE\SOFTWARE\Policies\Microsoft\MicrosoftAccount,DisableUserAuth,DWord,,,,,1,None
13343,Status of the 'Configure Windows Defender SmartScreen - Pick one of the following' setting,1,TRUE,TRUE,TRUE,TRUE,Registry,HKEY_LOCAL_MACHINE\Software\Policies\Microsoft\Windows\System,ShellSmartScreenLevel,String,,,,,Block,Can cause issues with app installation so change back to Warn if that occurs until installations are completed
13344,Status of the 'Prevent users from modifying settings' setting for Windows Defender Exploit Protection,1,TRUE,TRUE,TRUE,TRUE,Registry,HKEY_LOCAL_MACHINE\SOFTWARE\Policies\Microsoft\Windows Defender Security Center\App and Browser protection,DisallowExploitProtectionOverride,DWord,,,,,1,None
13922,Status of 'Attack Surface Reduction' group policy,1,TRUE,TRUE,TRUE,TRUE,Registry,HKEY_LOCAL_MACHINE\Software\Policies\Microsoft\Windows Defender\Windows Defender Exploit Guard\ASR,ExploitGuard_ASR_Rules,DWord,,,,,1,None
13923,Status of 'Block Office applications from injecting code into other processes' ASR rule,1,TRUE,TRUE,TRUE,TRUE,Registry,HKEY_LOCAL_MACHINE\Software\Policies\Microsoft\Windows Defender\Windows Defender Exploit Guard\ASR\Rules,75668C1F-73B5-4CF0-BB93-3ECF5CB7CC84,DWord,,,,,1,None
13924,Status of 'Block all Office applications from creating child processes' ASR rule,1,TRUE,TRUE,TRUE,TRUE,Registry,HKEY_LOCAL_MACHINE\Software\Policies\Microsoft\Windows Defender\Windows Defender Exploit Guard\ASR\Rules,D4F940AB-401B-4EFC-AADC-AD5F3C50688A,DWord,,,,,1,None
13925,Status of 'Block Win32 API calls from Office macro' ASR rule,1,TRUE,TRUE,TRUE,TRUE,Registry,HKEY_LOCAL_MACHINE\Software\Policies\Microsoft\Windows Defender\Windows Defender Exploit Guard\ASR\Rules,92E97FA1-2EDF-4476-BDD6-9DD0B4DDDC7B,DWord,,,,,1,None
13926,Status of 'Block execution of potentially obfuscated scripts' ASR rule,1,TRUE,TRUE,TRUE,TRUE,Registry,HKEY_LOCAL_MACHINE\Software\Policies\Microsoft\Windows Defender\Windows Defender Exploit Guard\ASR\Rules,5BEB7EFE-FD9A-4556-801D-275E5FFC04CC,DWord,,,,,1,None
13927,Status of 'Block JavaScript or VBScript from launching downloaded executable content' ASR rule,1,TRUE,TRUE,TRUE,TRUE,Registry,HKEY_LOCAL_MACHINE\Software\Policies\Microsoft\Windows Defender\Windows Defender Exploit Guard\ASR\Rules,D3E037E1-3EB8-44C8-A917-57927947596D,DWord,,,,,1,None
13928,Status of 'Block executable content from email client and webmail' ASR rule,1,TRUE,TRUE,TRUE,TRUE,Registry,HKEY_LOCAL_MACHINE\Software\Policies\Microsoft\Windows Defender\Windows Defender Exploit Guard\ASR\Rules,BE9BA2D9-53EA-4CDC-84E5-9B1EEEE46550,DWord,,,,,1,None
13929,Status of 'Block untrusted and unsigned processes that run from USB' ASR rule,1,TRUE,TRUE,TRUE,TRUE,Registry,HKEY_LOCAL_MACHINE\Software\Policies\Microsoft\Windows Defender\Windows Defender Exploit Guard\ASR\Rules,b2b3f03d-6a65-4f7b-a9c7-1c7ef74a9ba4,DWord,,,,,1,None
13930,Status of 'Block credential stealing from the Windows local security authority subsystem (lsass.exe)' ASR rule,1,TRUE,TRUE,TRUE,TRUE,Registry,HKEY_LOCAL_MACHINE\Software\Policies\Microsoft\Windows Defender\Windows Defender Exploit Guard\ASR\Rules,9e6c4e1f-7d60-472f-ba1a-a39ef669e4b2,DWord,,,,,1,None
13931,Status of 'Prevent users and apps from accessing dangerous websites' setting,1,TRUE,TRUE,TRUE,TRUE,Registry,HKEY_LOCAL_MACHINE\Software\Policies\Microsoft\Windows Defender\Windows Defender Exploit Guard\Network Protection,EnableNetworkProtection,DWord,,,,,1,None
13932,Status of 'Block Office applications from creating executable content' ASR rule,1,TRUE,TRUE,TRUE,TRUE,Registry,HKEY_LOCAL_MACHINE\Software\Policies\Microsoft\Windows Defender\Windows Defender Exploit Guard\ASR\Rules,3B576869-A4EC-4529-8536-B80A7769E899,DWord,,,,,1,None
14413,Status of the 'Configure detection for potentially unwanted applications' setting,1,TRUE,TRUE,TRUE,TRUE,Registry,HKEY_LOCAL_MACHINE\Software\Policies\Microsoft\Windows Defender,PUAProtection,DWord,,,,,1,None
14414,Status of the 'Enumeration policy for external devices incompatible with Kernel DMA Protection' setting,1,TRUE,TRUE,TRUE,TRUE,Registry,HKEY_LOCAL_MACHINE\Software\Policies\Microsoft\Windows\Kernel DMA Protection,DeviceEnumerationPolicy,DWord,,,,,0,None
14415,Status of the 'Encryption Oracle Remediation' group policy,1,TRUE,TRUE,TRUE,TRUE,Registry,HKEY_LOCAL_MACHINE\Software\Microsoft\Windows\CurrentVersion\Policies\System\CredSSP\Parameters,AllowEncryptionOracle,DWord,,,,,0,None
14883,Status of Office communication application from creating child processes,1,TRUE,TRUE,TRUE,TRUE,Registry,HKEY_LOCAL_MACHINE\Software\Policies\Microsoft\Windows Defender\Windows Defender Exploit Guard\ASR\Rules,26190899-1602-49e8-8b27-eb1d0a1ce869,DWord,,,,,1,None
14884,Status of 'Block Adobe Reader from creating child processes' ASR rule,1,TRUE,TRUE,TRUE,TRUE,Registry,HKEY_LOCAL_MACHINE\Software\Policies\Microsoft\Windows Defender\Windows Defender Exploit Guard\ASR\Rules,7674ba52-37eb-4a4f-a9a1-f0f9a1619a2c,DWord,,,,,1,None
17241,Configure 'Minimize the number of simultaneous connections to the Internet or a Windows Domain',1,TRUE,TRUE,TRUE,TRUE,Registry,HKEY_LOCAL_MACHINE\Software\Policies\Microsoft\Windows\WcmSvc\GroupPolicy,fMinimizeConnections,DWord,,,,,3,None
17242,Status of the 'Require pin for pairing' Enabled 'First Time OR Always' setting,1,TRUE,TRUE,TRUE,TRUE,Registry,HKEY_LOCAL_MACHINE\SOFTWARE\Policies\Microsoft\Windows\Connect,RequirePinForPairing,DWord,,,,,2,None
19057,Status of the 'Relax minimum password length limits' setting,1,TRUE,TRUE,TRUE,TRUE,Registry,HKEY_LOCAL_MACHINE\SYSTEM\CurrentControlSet\Control\SAM,RelaxMinimumPasswordLengthLimits,DWord,,,,,1,None
19070,Status of the 'Point and Print Restrictions: When installing drivers for a new connection' setting,1,TRUE,TRUE,TRUE,TRUE,Registry,HKEY_LOCAL_MACHINE\Software\Policies\Microsoft\Windows NT\Printers\PointAndPrint,NoWarningNoElevationOnInstall,DWord,,,,,0,None
19071,Status of the 'Point and Print Restrictions: When updating drivers for an existing connection' setting,1,TRUE,TRUE,TRUE,TRUE,Registry,HKEY_LOCAL_MACHINE\Software\Policies\Microsoft\Windows NT\Printers\PointAndPrint,UpdatePromptSettings,DWord,,,,,0,None
21377,Status of 'Block persistence through WMI event subscription' ASR rule,1,TRUE,TRUE,TRUE,TRUE,Registry,HKEY_LOCAL_MACHINE\Software\Policies\Microsoft\Windows Defender\Windows Defender Exploit Guard\ASR\Rules,e6db77e5-3df2-4cf1-b95a-636979351e5b,DWord,,,,,1,None
22344,Status of the 'DoH Policy' setting,1,TRUE,TRUE,TRUE,TRUE,Registry,HKEY_LOCAL_MACHINE\SOFTWARE\Policies\Microsoft\Windows NT\DNSClient,DoHPolicy,String,,,,,2,None
23128,Status of the 'Turn off cloud consumer account state content' setting,1,TRUE,TRUE,TRUE,TRUE,Registry,HKEY_LOCAL_MACHINE\Software\Policies\Microsoft\Windows\CloudContent,DisableConsumerAccountStateContent,DWord,,,,,1,None
23129,Status of the 'Disable OneSettings Downloads' setting,1,TRUE,TRUE,TRUE,TRUE,Registry,HKEY_LOCAL_MACHINE\SOFTWARE\Policies\Microsoft\Windows\DataCollection,DisableOneSettingsDownloads,DWord,,,,,1,None
23130,Status of the 'Enable OneSettings Auditing' setting,1,TRUE,TRUE,TRUE,TRUE,Registry,HKEY_LOCAL_MACHINE\SOFTWARE\Policies\Microsoft\Windows\DataCollection,EnableOneSettingsAuditing,DWord,,,,,1,None
23131,Status of the 'Limit Dump Collection' setting,1,TRUE,TRUE,TRUE,TRUE,Registry,HKEY_LOCAL_MACHINE\SOFTWARE\Policies\Microsoft\Windows\DataCollection,LimitDumpCollection,DWord,,,,,1,None
23132,Status of the 'Limit Diagnostic Log Collection' setting,1,TRUE,TRUE,TRUE,TRUE,Registry,HKEY_LOCAL_MACHINE\SOFTWARE\Policies\Microsoft\Windows\DataCollection,LimitDiagnosticLogCollection,DWord,,,,,1,None
23138,Status of the 'Turn off Spotlight collection on Desktop' setting,1,TRUE,TRUE,TRUE,TRUE,Registry,HKEY_USERS\.DEFAULT\Software\Policies\Microsoft\Windows\CloudContent,DisableSpotlightCollectionOnDesktop,DWord,,,,,1,None
23206,Status of the 'Allow Diagnostic Data' setting,1,TRUE,TRUE,TRUE,TRUE,Registry,HKEY_LOCAL_MACHINE\SOFTWARE\Policies\Microsoft\Windows\DataCollection,AllowTelemetry,DWord,,,,,1,None
25338,Status of the 'Configure Redirection Guard' setting,1,TRUE,TRUE,TRUE,TRUE,Registry,HKEY_LOCAL_MACHINE\Software\Policies\Microsoft\Windows NT\Printers,RedirectionGuardPolicy,DWord,,,,,1,None
25340,Status of the 'Manage processing of Queue-specific files' setting,1,TRUE,TRUE,TRUE,TRUE,Registry,HKEY_LOCAL_MACHINE\Software\Policies\Microsoft\Windows NT\Printers,CopyFilesPolicy,DWord,,,,,1,None
25348,Status of the 'Configure RPC connection settings: Protocol to use for outgoing RPC connections' setting,1,TRUE,TRUE,TRUE,TRUE,Registry,HKEY_LOCAL_MACHINE\Software\Policies\Microsoft\Windows NT\Printers\RPC,RpcUseNamedPipeProtocol,DWord,,,,,0,None
25350,Status of the 'Allow Custom SSPs and APs to be loaded into LSASS' setting,1,TRUE,TRUE,TRUE,TRUE,Registry,HKEY_LOCAL_MACHINE\Software\Policies\Microsoft\Windows\System,AllowCustomSSPsAPs,DWord,,,,,0,None
25356,Status of the 'Enable MPR notifications for the system' setting,1,TRUE,TRUE,TRUE,TRUE,Registry,HKEY_LOCAL_MACHINE\Software\Microsoft\Windows\CurrentVersion\Policies\System,EnableMPR,DWord,,,,,0,None
25357,Status of 'Block abuse of exploited vulnerable signed drivers' ASR rule,1,TRUE,TRUE,TRUE,TRUE,Registry,HKEY_LOCAL_MACHINE\Software\Policies\Microsoft\Windows Defender\Windows Defender Exploit Guard\ASR\Rules,56a863a9-875e-4185-98a7-b882c64b5ce5,DWord,,,,,1,None
25358,Windows - Status of NetBIOS name resolution,1,TRUE,TRUE,TRUE,TRUE,Registry,HKEY_LOCAL_MACHINE\Software\Policies\Microsoft\Windows NT\DNSClient,EnableNetbios,DWord,,,,,0,None
25359,Status of the 'Authentication protocol to use for incoming RPC connections' setting,1,TRUE,TRUE,TRUE,TRUE,Registry,HKEY_LOCAL_MACHINE\Software\Policies\Microsoft\Windows NT\Printers\RPC,ForceKerberosForRpc,DWord,,,,,0,None
25360,Status of the 'Use authentication for outgoing RPC over named pipes connections' setting,1,TRUE,TRUE,TRUE,TRUE,Registry,HKEY_LOCAL_MACHINE\Software\Policies\Microsoft\Windows NT\Printers\RPC,RpcAuthentication,DWord,,,,,0,None
25361,Status of the 'Protocols to allow for incoming RPC connections' setting,1,TRUE,TRUE,TRUE,TRUE,Registry,HKEY_LOCAL_MACHINE\Software\Policies\Microsoft\Windows NT\Printers\RPC,RpcProtocols,DWord,,,,,5,None
25362,Status of the 'Configure RPC over TCP port' setting,1,TRUE,TRUE,TRUE,TRUE,Registry,HKEY_LOCAL_MACHINE\Software\Policies\Microsoft\Windows NT\Printers\RPC,RpcTcpPort,DWord,,,,,0,None
25900,Status of 'Enable App Installer' setting,1,TRUE,TRUE,TRUE,TRUE,Registry,HKEY_LOCAL_MACHINE\SOFTWARE\Policies\Microsoft\Windows\AppInstaller,EnableAppInstaller,DWord,,,,,0,None
25901,Status of 'Enable App Installer Experimental Features' setting,1,TRUE,TRUE,TRUE,TRUE,Registry,HKEY_LOCAL_MACHINE\SOFTWARE\Policies\Microsoft\Windows\AppInstaller,EnableExperimentalFeatures,DWord,,,,,0,None
25902,Status of 'Enable App Installer Hash Override' setting,1,TRUE,TRUE,TRUE,TRUE,Registry,HKEY_LOCAL_MACHINE\SOFTWARE\Policies\Microsoft\Windows\AppInstaller,EnableHashOverride,DWord,,,,,0,None
25903,Status of 'Enable App Installer ms-appinstaller protocol' setting,1,TRUE,TRUE,TRUE,TRUE,Registry,HKEY_LOCAL_MACHINE\SOFTWARE\Policies\Microsoft\Windows\AppInstaller,EnableMSAppInstallerProtocol,DWord,,,,,0,None
